[
    {
        "id": 23472,
        "chip_type": [
            "G1000",
            "H2000",
            "H1000",
            "H2000"
        ],
        "price": 1150,
        "start_time": 4959,
        "status": "Finished",
        "end_time": 8761
    },
    {
        "id": 99313,
        "chip_type": [
            "H1000",
            "G100"
        ],
        "price": 350,
        "start_time": 1799,
        "status": "In-progress",
        "end_time": 7165
    },
    {
        "id": 52909,
        "chip_type": [
            "G1000",
            "G100",
            "H5000",
            "G500"
        ],
        "price": 1100,
        "start_time": 1784,
        "status": "Finished",
        "end_time": 9562
    },
    {
        "id": 91125,
        "chip_type": [
            "H2000",
            "H1000"
        ],
        "price": 500,
        "start_time": 1011,
        "status": "Cancelled",
        "end_time": null
    },
    {
        "id": 53024,
        "chip_type": [
            "H1000",
            "G100",
            "G1000",
            "G1000"
        ],
        "price": 1050,
        "start_time": 1031,
        "status": "Cancelled",
        "end_time": null
    },
    {
        "id": 39472,
        "chip_type": [
            "H2000",
            "H2000",
            "G500",
            "G500"
        ],
        "price": 1000,
        "start_time": 1270,
        "status": "In-progress",
        "end_time": 8677
    },
    {
        "id": 86148,
        "chip_type": [
            "H2000",
            "G100",
            "H1000",
            "H2000"
        ],
        "price": 950,
        "start_time": 1590,
        "status": "In-progress",
        "end_time": 6966
    },
    {
        "id": 61887,
        "chip_type": [
            "H5000",
            "G1000"
        ],
        "price": 750,
        "start_time": 2132,
        "status": "In-progress",
        "end_time": 5388
    },
    {
        "id": 69228,
        "chip_type": [
            "H2000",
            "H2000"
        ],
        "price": 600,
        "start_time": 2419,
        "status": "Finished",
        "end_time": 8316
    },
    {
        "id": 61323,
        "chip_type": [
            "G1000",
            "H2000",
            "H5000",
            "G500"
        ],
        "price": 1250,
        "start_time": 3590,
        "status": "In-progress",
        "end_time": 8877
    },
    {
        "id": 42974,
        "chip_type": [
            "H2000",
            "H1000",
            "H5000",
            "G1000"
        ],
        "price": 1250,
        "start_time": 3622,
        "status": "Cancelled",
        "end_time": null
    },
    {
        "id": 61109,
        "chip_type": [
            "G100",
            "G500"
        ],
        "price": 350,
        "start_time": 4282,
        "status": "In-progress",
        "end_time": 6748
    },
    {
        "id": 54777,
        "chip_type": [
            "H5000",
            "H1000",
            "G1000",
            "G1000"
        ],
        "price": 1300,
        "start_time": 3349,
        "status": "In-progress",
        "end_time": 6942
    },
    {
        "id": 41387,
        "chip_type": [
            "H1000",
            "G1000",
            "G500",
            "G1000"
        ],
        "price": 1100,
        "start_time": 3485,
        "status": "Cancelled",
        "end_time": null
    },
    {
        "id": 36926,
        "chip_type": [
            "G100",
            "G500",
            "H2000",
            "H5000"
        ],
        "price": 1050,
        "start_time": 4370,
        "status": "Cancelled",
        "end_time": null
    },
    {
        "id": 63776,
        "chip_type": [
            "G1000",
            "G1000",
            "G1000"
        ],
        "price": 1050,
        "start_time": 4373,
        "status": "Finished",
        "end_time": 8296
    },
    {
        "id": 38480,
        "chip_type": [
            "H5000",
            "H5000"
        ],
        "price": 800,
        "start_time": 4790,
        "status": "Cancelled",
        "end_time": null
    },
    {
        "id": 34868,
        "chip_type": [
            "G500",
            "G100",
            "H5000",
            "H5000"
        ],
        "price": 1150,
        "start_time": 1454,
        "status": "Finished",
        "end_time": 8275
    },
    {
        "id": 35097,
        "chip_type": [
            "H2000",
            "G100",
            "H2000"
        ],
        "price": 750,
        "start_time": 1567,
        "status": "Finished",
        "end_time": 6855
    },
    {
        "id": 86714,
        "chip_type": [
            "H5000",
            "H1000",
            "H5000"
        ],
        "price": 1000,
        "start_time": 4654,
        "status": "In-progress",
        "end_time": 5635
    },
    {
        "id": 36018,
        "chip_type": [
            "G1000",
            "G1000"
        ],
        "price": 700,
        "start_time": 2600,
        "status": "In-progress",
        "end_time": 6411
    },
    {
        "id": 12594,
        "chip_type": [
            "G500",
            "H5000"
        ],
        "price": 600,
        "start_time": 2571,
        "status": "Cancelled",
        "end_time": null
    },
    {
        "id": 39612,
        "chip_type": [
            "G1000",
            "H1000",
            "H1000",
            "H5000"
        ],
        "price": 1150,
        "start_time": 1762,
        "status": "Finished",
        "end_time": 6775
    },
    {
        "id": 57407,
        "chip_type": [
            "H1000",
            "H2000"
        ],
        "price": 500,
        "start_time": 3296,
        "status": "Cancelled",
        "end_time": null
    },
    {
        "id": 18042,
        "chip_type": [
            "G100",
            "G100",
            "G100"
        ],
        "price": 450,
        "start_time": 2449,
        "status": "Finished",
        "end_time": 8733
    },
    {
        "id": 48486,
        "chip_type": [
            "H1000",
            "H1000",
            "H1000",
            "H1000"
        ],
        "price": 800,
        "start_time": 1660,
        "status": "In-progress",
        "end_time": 8569
    },
    {
        "id": 65837,
        "chip_type": [
            "G1000",
            "H2000",
            "H1000"
        ],
        "price": 850,
        "start_time": 4350,
        "status": "Cancelled",
        "end_time": null
    },
    {
        "id": 29242,
        "chip_type": [
            "H1000",
            "H1000"
        ],
        "price": 400,
        "start_time": 1545,
        "status": "Finished",
        "end_time": 5713
    },
    {
        "id": 95988,
        "chip_type": [
            "G500",
            "H2000",
            "G1000"
        ],
        "price": 850,
        "start_time": 2447,
        "status": "In-progress",
        "end_time": 8892
    },
    {
        "id": 55763,
        "chip_type": [
            "H2000",
            "G500"
        ],
        "price": 500,
        "start_time": 4516,
        "status": "Cancelled",
        "end_time": null
    },
    {
        "id": 38745,
        "chip_type": [
            "G500",
            "H1000",
            "H2000"
        ],
        "price": 700,
        "start_time": 2422,
        "status": "Finished",
        "end_time": 5220
    },
    {
        "id": 93221,
        "chip_type": [
            "H5000",
            "H1000"
        ],
        "price": 600,
        "start_time": 1486,
        "status": "In-progress",
        "end_time": 5370
    },
    {
        "id": 39893,
        "chip_type": [
            "H5000",
            "G1000",
            "G1000"
        ],
        "price": 1100,
        "start_time": 3048,
        "status": "Cancelled",
        "end_time": null
    },
    {
        "id": 87948,
        "chip_type": [
            "G100",
            "G500"
        ],
        "price": 350,
        "start_time": 1571,
        "status": "Cancelled",
        "end_time": null
    },
    {
        "id": 95737,
        "chip_type": [
            "G100",
            "G100"
        ],
        "price": 300,
        "start_time": 4603,
        "status": "Finished",
        "end_time": 9123
    },
    {
        "id": 18572,
        "chip_type": [
            "G100",
            "H5000",
            "H2000"
        ],
        "price": 850,
        "start_time": 1974,
        "status": "In-progress",
        "end_time": 8996
    },
    {
        "id": 26285,
        "chip_type": [
            "G500",
            "H5000"
        ],
        "price": 600,
        "start_time": 4654,
        "status": "Finished",
        "end_time": 5036
    },
    {
        "id": 33158,
        "chip_type": [
            "H2000",
            "H1000",
            "G500"
        ],
        "price": 700,
        "start_time": 1879,
        "status": "In-progress",
        "end_time": 6793
    },
    {
        "id": 98652,
        "chip_type": [
            "H2000",
            "H1000"
        ],
        "price": 500,
        "start_time": 4422,
        "status": "Finished",
        "end_time": 5196
    },
    {
        "id": 95155,
        "chip_type": [
            "H5000",
            "H1000",
            "G500"
        ],
        "price": 800,
        "start_time": 3092,
        "status": "Finished",
        "end_time": 9475
    },
    {
        "id": 69774,
        "chip_type": [
            "G500",
            "H5000",
            "H5000",
            "G500"
        ],
        "price": 1200,
        "start_time": 1501,
        "status": "Cancelled",
        "end_time": null
    },
    {
        "id": 45452,
        "chip_type": [
            "G100",
            "H1000",
            "H1000",
            "H2000"
        ],
        "price": 850,
        "start_time": 2165,
        "status": "Cancelled",
        "end_time": null
    },
    {
        "id": 24169,
        "chip_type": [
            "H5000",
            "G500"
        ],
        "price": 600,
        "start_time": 3067,
        "status": "Cancelled",
        "end_time": null
    },
    {
        "id": 34353,
        "chip_type": [
            "G1000",
            "H5000"
        ],
        "price": 750,
        "start_time": 2268,
        "status": "Finished",
        "end_time": 7708
    },
    {
        "id": 87141,
        "chip_type": [
            "H5000",
            "H1000"
        ],
        "price": 600,
        "start_time": 2064,
        "status": "In-progress",
        "end_time": 7146
    },
    {
        "id": 18372,
        "chip_type": [
            "G500",
            "H5000",
            "G500"
        ],
        "price": 800,
        "start_time": 1260,
        "status": "Finished",
        "end_time": 7343
    },
    {
        "id": 89099,
        "chip_type": [
            "H1000",
            "G1000",
            "H2000"
        ],
        "price": 850,
        "start_time": 3385,
        "status": "In-progress",
        "end_time": 8257
    },
    {
        "id": 98106,
        "chip_type": [
            "G500",
            "G100",
            "H5000",
            "G1000"
        ],
        "price": 1100,
        "start_time": 4596,
        "status": "In-progress",
        "end_time": 9880
    },
    {
        "id": 44340,
        "chip_type": [
            "H1000",
            "H1000"
        ],
        "price": 400,
        "start_time": 4223,
        "status": "In-progress",
        "end_time": 5118
    },
    {
        "id": 46159,
        "chip_type": [
            "H2000",
            "G1000",
            "H1000",
            "H2000"
        ],
        "price": 1150,
        "start_time": 3381,
        "status": "In-progress",
        "end_time": 8267
    },
    {
        "id": 61339,
        "chip_type": [
            "G1000",
            "G1000",
            "H5000"
        ],
        "price": 1100,
        "start_time": 3705,
        "status": "In-progress",
        "end_time": 6534
    },
    {
        "id": 34103,
        "chip_type": [
            "G100",
            "H2000",
            "G100"
        ],
        "price": 600,
        "start_time": 4364,
        "status": "Cancelled",
        "end_time": null
    },
    {
        "id": 24211,
        "chip_type": [
            "H1000",
            "G100",
            "H2000",
            "G100"
        ],
        "price": 800,
        "start_time": 2454,
        "status": "Finished",
        "end_time": 7083
    },
    {
        "id": 19460,
        "chip_type": [
            "H1000",
            "H1000",
            "G1000"
        ],
        "price": 750,
        "start_time": 4926,
        "status": "Finished",
        "end_time": 9677
    },
    {
        "id": 59646,
        "chip_type": [
            "H5000",
            "H1000"
        ],
        "price": 600,
        "start_time": 1723,
        "status": "In-progress",
        "end_time": 5892
    },
    {
        "id": 43383,
        "chip_type": [
            "H5000",
            "G1000",
            "H2000"
        ],
        "price": 1050,
        "start_time": 1368,
        "status": "Finished",
        "end_time": 9981
    },
    {
        "id": 49032,
        "chip_type": [
            "H5000",
            "H2000",
            "H5000",
            "G500"
        ],
        "price": 1300,
        "start_time": 1510,
        "status": "Cancelled",
        "end_time": null
    },
    {
        "id": 15101,
        "chip_type": [
            "H2000",
            "H5000",
            "G500",
            "H2000"
        ],
        "price": 1200,
        "start_time": 1273,
        "status": "Finished",
        "end_time": 7235
    },
    {
        "id": 65413,
        "chip_type": [
            "H1000",
            "H2000",
            "H5000"
        ],
        "price": 900,
        "start_time": 3568,
        "status": "In-progress",
        "end_time": 9830
    },
    {
        "id": 27825,
        "chip_type": [
            "H1000",
            "G1000"
        ],
        "price": 550,
        "start_time": 4993,
        "status": "Finished",
        "end_time": 8880
    },
    {
        "id": 50217,
        "chip_type": [
            "G100",
            "G1000",
            "H1000",
            "G1000"
        ],
        "price": 1050,
        "start_time": 3419,
        "status": "In-progress",
        "end_time": 8452
    },
    {
        "id": 71190,
        "chip_type": [
            "H5000",
            "H2000",
            "G500",
            "G500"
        ],
        "price": 1100,
        "start_time": 1279,
        "status": "Cancelled",
        "end_time": null
    },
    {
        "id": 89601,
        "chip_type": [
            "G1000",
            "H5000",
            "G100",
            "H1000"
        ],
        "price": 1100,
        "start_time": 3985,
        "status": "Cancelled",
        "end_time": null
    },
    {
        "id": 50073,
        "chip_type": [
            "G500",
            "H1000"
        ],
        "price": 400,
        "start_time": 4767,
        "status": "Finished",
        "end_time": 7219
    },
    {
        "id": 14383,
        "chip_type": [
            "H1000",
            "G500",
            "H1000"
        ],
        "price": 600,
        "start_time": 4078,
        "status": "In-progress",
        "end_time": 7311
    },
    {
        "id": 26719,
        "chip_type": [
            "G100",
            "G500",
            "G1000",
            "H1000"
        ],
        "price": 900,
        "start_time": 3464,
        "status": "Finished",
        "end_time": 6587
    },
    {
        "id": 52634,
        "chip_type": [
            "H5000",
            "G100"
        ],
        "price": 550,
        "start_time": 1010,
        "status": "In-progress",
        "end_time": 8010
    },
    {
        "id": 28674,
        "chip_type": [
            "H2000",
            "G500",
            "H2000"
        ],
        "price": 800,
        "start_time": 3043,
        "status": "Finished",
        "end_time": 5105
    },
    {
        "id": 21741,
        "chip_type": [
            "H5000",
            "G500"
        ],
        "price": 600,
        "start_time": 2792,
        "status": "Cancelled",
        "end_time": null
    },
    {
        "id": 49305,
        "chip_type": [
            "G500",
            "H2000",
            "G1000"
        ],
        "price": 850,
        "start_time": 1467,
        "status": "Cancelled",
        "end_time": null
    },
    {
        "id": 61248,
        "chip_type": [
            "G100",
            "G100"
        ],
        "price": 300,
        "start_time": 2783,
        "status": "Finished",
        "end_time": 5589
    },
    {
        "id": 46924,
        "chip_type": [
            "H2000",
            "H2000",
            "H5000",
            "H1000"
        ],
        "price": 1200,
        "start_time": 2994,
        "status": "Finished",
        "end_time": 6737
    },
    {
        "id": 76121,
        "chip_type": [
            "G500",
            "H5000",
            "H2000"
        ],
        "price": 900,
        "start_time": 2445,
        "status": "Cancelled",
        "end_time": null
    },
    {
        "id": 35732,
        "chip_type": [
            "G100",
            "H1000"
        ],
        "price": 350,
        "start_time": 4985,
        "status": "In-progress",
        "end_time": 9124
    },
    {
        "id": 92834,
        "chip_type": [
            "H2000",
            "H1000"
        ],
        "price": 500,
        "start_time": 1322,
        "status": "In-progress",
        "end_time": 6380
    },
    {
        "id": 93147,
        "chip_type": [
            "H1000",
            "H1000"
        ],
        "price": 400,
        "start_time": 3098,
        "status": "Cancelled",
        "end_time": null
    },
    {
        "id": 88714,
        "chip_type": [
            "H2000",
            "G500",
            "H5000"
        ],
        "price": 900,
        "start_time": 4345,
        "status": "Finished",
        "end_time": 8720
    },
    {
        "id": 82787,
        "chip_type": [
            "H5000",
            "H2000",
            "G100",
            "H1000"
        ],
        "price": 1050,
        "start_time": 1513,
        "status": "Cancelled",
        "end_time": null
    },
    {
        "id": 99816,
        "chip_type": [
            "G1000",
            "H1000",
            "G500"
        ],
        "price": 750,
        "start_time": 2515,
        "status": "In-progress",
        "end_time": 7645
    },
    {
        "id": 25030,
        "chip_type": [
            "G1000",
            "G500",
            "H5000",
            "H2000"
        ],
        "price": 1250,
        "start_time": 4103,
        "status": "In-progress",
        "end_time": 6952
    },
    {
        "id": 68836,
        "chip_type": [
            "H1000",
            "H1000"
        ],
        "price": 400,
        "start_time": 3543,
        "status": "Cancelled",
        "end_time": null
    },
    {
        "id": 64034,
        "chip_type": [
            "G100",
            "G500"
        ],
        "price": 350,
        "start_time": 1545,
        "status": "Cancelled",
        "end_time": null
    },
    {
        "id": 52568,
        "chip_type": [
            "G1000",
            "G100",
            "G100"
        ],
        "price": 650,
        "start_time": 3439,
        "status": "Finished",
        "end_time": 7048
    },
    {
        "id": 58308,
        "chip_type": [
            "H1000",
            "G500"
        ],
        "price": 400,
        "start_time": 4513,
        "status": "In-progress",
        "end_time": 9180
    },
    {
        "id": 58464,
        "chip_type": [
            "G100",
            "H2000",
            "H1000",
            "H1000"
        ],
        "price": 850,
        "start_time": 4572,
        "status": "Cancelled",
        "end_time": null
    },
    {
        "id": 71199,
        "chip_type": [
            "H2000",
            "G500",
            "G100"
        ],
        "price": 650,
        "start_time": 4911,
        "status": "Finished",
        "end_time": 5867
    },
    {
        "id": 11739,
        "chip_type": [
            "G100",
            "G1000"
        ],
        "price": 500,
        "start_time": 1537,
        "status": "Cancelled",
        "end_time": null
    },
    {
        "id": 38240,
        "chip_type": [
            "H2000",
            "H2000",
            "H1000"
        ],
        "price": 800,
        "start_time": 3440,
        "status": "In-progress",
        "end_time": 8101
    },
    {
        "id": 44979,
        "chip_type": [
            "H5000",
            "H2000"
        ],
        "price": 700,
        "start_time": 1009,
        "status": "In-progress",
        "end_time": 9285
    },
    {
        "id": 62490,
        "chip_type": [
            "H2000",
            "H5000",
            "H2000"
        ],
        "price": 1000,
        "start_time": 4242,
        "status": "Cancelled",
        "end_time": null
    },
    {
        "id": 79957,
        "chip_type": [
            "H1000",
            "G100",
            "G100"
        ],
        "price": 500,
        "start_time": 3904,
        "status": "Finished",
        "end_time": 5007
    },
    {
        "id": 29335,
        "chip_type": [
            "G100",
            "H5000",
            "G1000",
            "G500"
        ],
        "price": 1100,
        "start_time": 2474,
        "status": "In-progress",
        "end_time": 8170
    },
    {
        "id": 17686,
        "chip_type": [
            "G100",
            "G100",
            "G500"
        ],
        "price": 500,
        "start_time": 3265,
        "status": "Finished",
        "end_time": 8674
    },
    {
        "id": 93266,
        "chip_type": [
            "G500",
            "H5000"
        ],
        "price": 600,
        "start_time": 3302,
        "status": "Cancelled",
        "end_time": null
    },
    {
        "id": 94680,
        "chip_type": [
            "H1000",
            "H1000",
            "H1000",
            "H5000"
        ],
        "price": 1000,
        "start_time": 2709,
        "status": "In-progress",
        "end_time": 6403
    },
    {
        "id": 10608,
        "chip_type": [
            "H2000",
            "G500",
            "H1000",
            "G1000"
        ],
        "price": 1050,
        "start_time": 3922,
        "status": "In-progress",
        "end_time": 5559
    },
    {
        "id": 15221,
        "chip_type": [
            "H1000",
            "G100"
        ],
        "price": 350,
        "start_time": 2942,
        "status": "Finished",
        "end_time": 8435
    },
    {
        "id": 66852,
        "chip_type": [
            "G100",
            "H2000",
            "G100"
        ],
        "price": 600,
        "start_time": 4530,
        "status": "In-progress",
        "end_time": 5522
    },
    {
        "id": 51469,
        "chip_type": [
            "H1000",
            "H5000",
            "G100"
        ],
        "price": 750,
        "start_time": 1224,
        "status": "In-progress",
        "end_time": 9858
    },
    {
        "id": 32336,
        "chip_type": [
            "G100",
            "G1000",
            "G100",
            "G500"
        ],
        "price": 850,
        "start_time": 2464,
        "status": "Cancelled",
        "end_time": null
    }
]